Match,Name,Pos,Inning,Runs,Balls,Fours,Sixes,S.R,Match_ID,Dismissal_Type
Namibia vs Sri Lanka,Michael van Lingen,1,1,3,6,0,0,50.0,T20I # 1823,Caught
Namibia vs Sri Lanka,Divan la Cock,2,1,9,9,1,0,100.0,T20I # 1823,Caught
Namibia vs Sri Lanka,Jan Nicol Loftie-Eaton,3,1,20,12,1,2,166.66,T20I # 1823,Caught
Namibia vs Sri Lanka,Stephan Baard,4,1,26,24,2,0,108.33,T20I # 1823,Caught
Namibia vs Sri Lanka,Gerhard Erasmus,5,1,20,24,0,0,83.33,T20I # 1823,Caught
Namibia vs Sri Lanka,Jan Frylinck,6,1,44,28,4,0,157.14,T20I # 1823,Run Out
Namibia vs Sri Lanka,David Wiese,7,1,0,1,0,0,0.0,T20I # 1823,Caught
Namibia vs Sri Lanka,JJ Smit,8,1,31,16,2,2,193.75,T20I # 1823,Not Out
Namibia vs Sri Lanka,Pathum Nissanka,1,2,9,10,1,0,90.0,T20I # 1823,Caught
Namibia vs Sri Lanka,Kusal Mendis,2,2,6,6,0,0,100.0,T20I # 1823,Caught
Namibia vs Sri Lanka,Dhananjaya de Silva,3,2,12,11,1,0,109.09,T20I # 1823,Caught
Namibia vs Sri Lanka,Danushka Gunathilaka,4,2,0,1,0,0,0.0,T20I # 1823,Caught
Namibia vs Sri Lanka,Bhanuka Rajapaksa,5,2,20,21,2,0,95.23,T20I # 1823,Caught
Namibia vs Sri Lanka,Dasun Shanaka,6,2,29,23,2,1,126.08,T20I # 1823,Caught
Namibia vs Sri Lanka,Wanindu Hasaranga de Silva,7,2,4,8,0,0,50.0,T20I # 1823,Caught
Namibia vs Sri Lanka,Chamika Karunaratne,8,2,5,8,0,0,62.5,T20I # 1823,Caught
Namibia vs Sri Lanka,Pramod Madushan,9,2,0,0,0,0,0.0,T20I # 1823,Run Out
Namibia vs Sri Lanka,Dushmantha Chameera,10,2,8,15,0,0,53.33,T20I # 1823,Caught
Namibia vs Sri Lanka,Maheesh Theekshana,11,2,11,11,0,1,100.0,T20I # 1823,Not Out
United Arab Emirates vs Netherlands,Chirag Suri,1,1,12,20,1,0,60.0,T20I # 1825,Caught
United Arab Emirates vs Netherlands,Muhammad Waseem,2,1,41,47,1,2,87.23,T20I # 1825,Caught
United Arab Emirates vs Netherlands,Kashif Daud,3,1,15,14,0,1,107.14,T20I # 1825,Not Out
United Arab Emirates vs Netherlands,Vriitya Aravind,4,1,18,21,0,0,85.71,T20I # 1825,Caught
United Arab Emirates vs Netherlands,Zawar Farid,5,1,2,4,0,0,50.0,T20I # 1825,Run Out
United Arab Emirates vs Netherlands,Basil Hameed,6,1,4,4,1,0,100.0,T20I # 1825,Caught
United Arab Emirates vs Netherlands,Chundangapoyil Rizwan,7,1,1,2,0,0,50.0,T20I # 1825,Not Out
United Arab Emirates vs Netherlands,Aayan Afzal Khan,8,1,5,7,0,0,71.42,T20I # 1825,Caught
United Arab Emirates vs Netherlands,Karthik Meiyappan,9,1,0,0,0,0,0.0,T20I # 1825,Not Out
United Arab Emirates vs Netherlands,Junaid Siddique,10,1,0,1,0,0,0.0,T20I # 1825,Not Out
United Arab Emirates vs Netherlands,Vikramjit Singh,1,2,10,7,2,0,142.85,T20I # 1825,Not Out
United Arab Emirates vs Netherlands,Max O'Dowd,2,2,23,18,3,1,127.77,T20I # 1825,Not Out
United Arab Emirates vs Netherlands,Bas de Leede,3,2,14,18,1,0,77.77,T20I # 1825,Caught
United Arab Emirates vs Netherlands,Colin Ackermann,4,2,17,19,1,0,89.47,T20I # 1825,Caught
United Arab Emirates vs Netherlands,Tom Cooper,5,2,8,16,0,0,50.0,T20I # 1825,LBW
United Arab Emirates vs Netherlands,Scott Edwards,6,2,16,19,0,0,84.21,T20I # 1825,Not Out
United Arab Emirates vs Netherlands,Roelof van der Merwe,7,2,0,2,0,0,0.0,T20I # 1825,Not Out
United Arab Emirates vs Netherlands,Tim Pringle,8,2,15,16,0,0,93.75,T20I # 1825,Not Out
United Arab Emirates vs Netherlands,Logan van Beek,9,2,4,4,0,0,100.0,T20I # 1825,Not Out
Scotland vs West Indies,George Munsey,1,1,66,53,9,0,124.52,T20I # 1826,Not Out
Scotland vs West Indies,Michael Jones,2,1,20,17,3,0,117.64,T20I # 1826,Not Out
Scotland vs West Indies,Matthew Cross,3,1,3,5,0,0,60.0,T20I # 1826,Caught
Scotland vs West Indies,Richie Berrington,4,1,16,14,0,1,114.28,T20I # 1826,Caught
Scotland vs West Indies,Calum MacLeod,5,1,23,14,4,0,164.28,T20I # 1826,Caught
Scotland vs West Indies,Michael Leask,6,1,4,6,0,0,66.66,T20I # 1826,Not Out
Scotland vs West Indies,Chris Greaves,7,1,16,11,2,0,145.45,T20I # 1826,Not Out
Scotland vs West Indies,Kyle Mayers,1,2,20,13,3,1,153.84,T20I # 1826,Caught
Scotland vs West Indies,Evin Lewis,2,2,14,13,1,1,107.69,T20I # 1826,Caught
Scotland vs West Indies,Brandon King,3,2,17,15,3,0,113.33,T20I # 1826,Not Out
Scotland vs West Indies,Nicholas Pooran,4,2,5,9,0,0,55.55,T20I # 1826,Not Out
Scotland vs West Indies,Shamarh Brooks,5,2,4,9,0,0,44.44,T20I # 1826,Caught
Scotland vs West Indies,Rovman Powell,6,2,5,6,0,0,83.33,T20I # 1826,Caught
Scotland vs West Indies,Jason Holder,7,2,38,33,4,1,115.15,T20I # 1826,Caught
Scotland vs West Indies,Akeal Hosein,8,2,1,1,0,0,100.0,T20I # 1826,Run Out
Scotland vs West Indies,Alzarri Joseph,9,2,0,1,0,0,0.0,T20I # 1826,Caught
Scotland vs West Indies,Odean Smith,10,2,5,8,0,0,62.5,T20I # 1826,Caught
Scotland vs West Indies,Obed McCoy,11,2,2,3,0,0,66.66,T20I # 1826,Not Out
Zimbabwe vs Ireland,Regis Chakabva,1,1,0,2,0,0,0.0,T20I # 1828,Caught
Zimbabwe vs Ireland,Craig Ervine,2,1,9,12,1,0,75.0,T20I # 1828,Stumped
Zimbabwe vs Ireland,Wessly Madhevere,3,1,22,19,4,0,115.78,T20I # 1828,Caught
Zimbabwe vs Ireland,Sean Williams,4,1,12,11,0,1,109.09,T20I # 1828,Caught
Zimbabwe vs Ireland,Sikandar Raza,5,1,82,48,5,5,170.83,T20I # 1828,Not Out
Zimbabwe vs Ireland,Milton Shumba,6,1,16,14,1,0,114.28,T20I # 1828,Caught
Zimbabwe vs Ireland,Ryan Burl,7,1,1,4,0,0,25.0,T20I # 1828,Caught
Zimbabwe vs Ireland,Luke Jongwe,8,1,20,10,3,0,200.0,T20I # 1828,Not Out
Zimbabwe vs Ireland,Paul Stirling,1,2,0,2,0,0,0.0,T20I # 1828,Not Out
Zimbabwe vs Ireland,Andy Balbirnie,2,2,3,4,0,0,75.0,T20I # 1828,Caught
Zimbabwe vs Ireland,Lorcan Tucker,3,2,11,11,2,0,100.0,T20I # 1828,Not Out
Zimbabwe vs Ireland,Harry Tector,4,2,1,4,0,0,25.0,T20I # 1828,Caught
Zimbabwe vs Ireland,Curtis Campher,5,2,27,22,1,0,122.72,T20I # 1828,Not Out
Zimbabwe vs Ireland,George Dockrell,6,2,24,20,3,0,120.0,T20I # 1828,Not Out
Zimbabwe vs Ireland,Gareth Delany,7,2,24,20,1,1,120.0,T20I # 1828,Caught
Zimbabwe vs Ireland,Mark Adair,8,2,9,10,0,1,90.0,T20I # 1828,Caught
Zimbabwe vs Ireland,Simi Singh,9,2,0,1,0,0,0.0,T20I # 1828,Not Out
Zimbabwe vs Ireland,Barry McCarthy,10,2,22,16,1,2,137.5,T20I # 1828,Not Out
Zimbabwe vs Ireland,Josh Little,11,2,7,11,1,0,63.63,T20I # 1828,Not Out
Namibia vs Netherlands,Michael van Lingen,1,1,20,19,3,0,105.26,T20I # 1830,Caught
Namibia vs Netherlands,Divan la Cock,2,1,0,2,0,0,0.0,T20I # 1830,Caught
Namibia vs Netherlands,Stephan Baard,3,1,19,22,0,0,86.36,T20I # 1830,Caught
Namibia vs Netherlands,Jan Nicol Loftie-Eaton,4,1,0,2,0,0,0.0,T20I # 1830,Caught
Namibia vs Netherlands,Jan Frylinck,5,1,43,48,1,1,89.58,T20I # 1830,Caught
Namibia vs Netherlands,Gerhard Erasmus,6,1,16,18,0,0,88.88,T20I # 1830,Not Out
Namibia vs Netherlands,David Wiese,7,1,11,5,1,0,220.0,T20I # 1830,Not Out
Namibia vs Netherlands,JJ Smit,8,1,5,4,1,0,125.0,T20I # 1830,Not Out
Namibia vs Netherlands,Max O'Dowd,1,2,35,35,1,1,100.0,T20I # 1830,Run Out
Namibia vs Netherlands,Vikramjit Singh,2,2,39,31,3,2,125.8,T20I # 1830,Caught
Namibia vs Netherlands,Bas de Leede,3,2,30,30,2,0,100.0,T20I # 1830,Not Out
Namibia vs Netherlands,Tom Cooper,4,2,6,6,1,0,100.0,T20I # 1830,Caught
Namibia vs Netherlands,Colin Ackermann,5,2,0,2,0,0,0.0,T20I # 1830,Caught
Namibia vs Netherlands,Scott Edwards,6,2,1,5,0,0,20.0,T20I # 1830,Caught
Namibia vs Netherlands,Tim Pringle,7,2,8,9,0,0,88.88,T20I # 1830,Not Out
Sri Lanka vs United Arab Emirates,Pathum Nissanka,1,1,74,60,6,2,123.33,T20I # 1832,Caught
Sri Lanka vs United Arab Emirates,Kusal Mendis,2,1,18,13,2,0,138.46,T20I # 1832,LBW
Sri Lanka vs United Arab Emirates,Dhananjaya de Silva,3,1,33,21,3,1,157.14,T20I # 1832,Run Out
Sri Lanka vs United Arab Emirates,Bhanuka Rajapaksa,4,1,5,8,0,0,62.5,T20I # 1832,Caught
Sri Lanka vs United Arab Emirates,Charith Asalanka,5,1,0,1,0,0,0.0,T20I # 1832,Caught
Sri Lanka vs United Arab Emirates,Dasun Shanaka,6,1,0,1,0,0,0.0,T20I # 1832,Not Out
Sri Lanka vs United Arab Emirates,Wanindu Hasaranga de Silva,7,1,2,3,0,0,66.66,T20I # 1832,Caught
Sri Lanka vs United Arab Emirates,Chamika Karunaratne,8,1,8,11,1,0,72.72,T20I # 1832,Caught
Sri Lanka vs United Arab Emirates,Pramod Madushan,9,1,1,1,0,0,100.0,T20I # 1832,Not Out
Sri Lanka vs United Arab Emirates,Dushmantha Chameera,10,1,1,1,0,0,100.0,T20I # 1832,Not Out
Sri Lanka vs United Arab Emirates,Muhammad Waseem,1,2,2,4,0,0,50.0,T20I # 1832,Not Out
Sri Lanka vs United Arab Emirates,Chirag Suri,2,2,14,19,3,0,73.68,T20I # 1832,Not Out
Sri Lanka vs United Arab Emirates,Aryan Lakra,3,2,1,3,0,0,33.33,T20I # 1832,Not Out
Sri Lanka vs United Arab Emirates,Chundangapoyil Rizwan,4,2,1,3,0,0,33.33,T20I # 1832,Caught
Sri Lanka vs United Arab Emirates,Vriitya Aravind,5,2,9,18,1,0,50.0,T20I # 1832,LBW
Sri Lanka vs United Arab Emirates,Basil Hameed,6,2,2,6,0,0,33.33,T20I # 1832,Caught
Sri Lanka vs United Arab Emirates,Aayan Afzal Khan,7,2,19,21,1,0,90.47,T20I # 1832,Not Out
Sri Lanka vs United Arab Emirates,Kashif Daud,8,2,0,4,0,0,0.0,T20I # 1832,LBW
Sri Lanka vs United Arab Emirates,Karthik Meiyappan,9,2,4,8,0,0,50.0,T20I # 1832,Stumped
Sri Lanka vs United Arab Emirates,Junaid Siddique,10,2,18,16,1,1,112.5,T20I # 1832,Caught
Sri Lanka vs United Arab Emirates,Zahoor Khan,11,2,1,1,0,0,100.0,T20I # 1832,Not Out
Scotland vs Ireland,George Munsey,1,1,1,2,0,0,50.0,T20I # 1833,LBW
Scotland vs Ireland,Michael Jones,2,1,86,55,6,4,156.36,T20I # 1833,Caught
Scotland vs Ireland,Matthew Cross,3,1,28,21,5,0,133.33,T20I # 1833,Caught
Scotland vs Ireland,Richie Berrington,4,1,37,27,3,1,137.03,T20I # 1833,Caught
Scotland vs Ireland,Michael Leask,5,1,17,13,2,0,130.76,T20I # 1833,Not Out
Scotland vs Ireland,Calum MacLeod,6,1,0,3,0,0,0.0,T20I # 1833,Run Out
Scotland vs Ireland,Paul Stirling,1,2,8,10,1,0,80.0,T20I # 1833,Caught
Scotland vs Ireland,Andy Balbirnie,2,2,14,12,2,0,116.66,T20I # 1833,Caught
Scotland vs Ireland,Lorcan Tucker,3,2,20,17,2,0,117.64,T20I # 1833,Caught
Scotland vs Ireland,Harry Tector,4,2,14,16,1,0,87.5,T20I # 1833,Caught
Scotland vs Ireland,Curtis Campher,5,2,72,32,7,2,225.0,T20I # 1833,Not Out
Scotland vs Ireland,George Dockrell,6,2,39,27,4,1,144.44,T20I # 1833,Not Out
West Indies vs Zimbabwe,Kyle Mayers,1,1,13,12,2,0,108.33,T20I # 1834,Caught
West Indies vs Zimbabwe,Johnson Charles,2,1,45,36,3,2,125.0,T20I # 1834,Run Out
West Indies vs Zimbabwe,Evin Lewis,3,1,15,18,1,0,83.33,T20I # 1834,Caught
West Indies vs Zimbabwe,Nicholas Pooran,4,1,7,9,0,0,77.77,T20I # 1834,Caught
West Indies vs Zimbabwe,Rovman Powell,5,1,28,21,1,2,133.33,T20I # 1834,Caught
West Indies vs Zimbabwe,Shamarh Brooks,6,1,0,3,0,0,0.0,T20I # 1834,LBW
West Indies vs Zimbabwe,Jason Holder,7,1,4,3,0,0,133.33,T20I # 1834,Caught
West Indies vs Zimbabwe,Akeal Hosein,8,1,23,18,2,0,127.77,T20I # 1834,Not Out
West Indies vs Zimbabwe,Odean Smith,9,1,1,2,0,0,50.0,T20I # 1834,Not Out
West Indies vs Zimbabwe,Wessly Madhevere,1,2,27,19,3,1,142.1,T20I # 1834,Caught
West Indies vs Zimbabwe,Regis Chakabva,2,2,13,9,3,0,144.44,T20I # 1834,Not Out
West Indies vs Zimbabwe,Tony Munyonga,3,2,2,6,0,0,33.33,T20I # 1834,Not Out
West Indies vs Zimbabwe,Sean Williams,4,2,1,2,0,0,50.0,T20I # 1834,Caught
West Indies vs Zimbabwe,Sikandar Raza,5,2,14,8,1,1,175.0,T20I # 1834,Caught
West Indies vs Zimbabwe,Milton Shumba,6,2,2,9,0,0,22.22,T20I # 1834,Caught
West Indies vs Zimbabwe,Ryan Burl,7,2,17,19,3,0,89.47,T20I # 1834,LBW
West Indies vs Zimbabwe,Luke Jongwe,8,2,29,22,3,1,131.81,T20I # 1834,Not Out
West Indies vs Zimbabwe,Richard Ngarava,9,2,2,6,0,0,33.33,T20I # 1834,Not Out
West Indies vs Zimbabwe,Tendai Chatara,10,2,3,8,0,0,37.5,T20I # 1834,Not Out
West Indies vs Zimbabwe,Blessing Muzarabani,11,2,1,4,0,0,25.0,T20I # 1834,Not Out
Sri Lanka vs Netherlands,Pathum Nissanka,1,1,14,21,0,1,66.66,T20I # 1835,Not Out
Sri Lanka vs Netherlands,Kusal Mendis,2,1,79,44,5,5,179.54,T20I # 1835,Caught
Sri Lanka vs Netherlands,Dhananjaya de Silva,3,1,0,1,0,0,0.0,T20I # 1835,LBW
Sri Lanka vs Netherlands,Charith Asalanka,4,1,31,30,3,0,103.33,T20I # 1835,Caught
Sri Lanka vs Netherlands,Bhanuka Rajapaksa,5,1,19,13,2,0,146.15,T20I # 1835,Caught
Sri Lanka vs Netherlands,Dasun Shanaka,6,1,8,5,0,1,160.0,T20I # 1835,Caught
Sri Lanka vs Netherlands,Wanindu Hasaranga de Silva,7,1,5,4,0,0,125.0,T20I # 1835,Not Out
Sri Lanka vs Netherlands,Chamika Karunaratne,8,1,2,2,0,0,100.0,T20I # 1835,Not Out
Sri Lanka vs Netherlands,Max O'Dowd,1,2,71,53,6,3,133.96,T20I # 1835,Not Out
Sri Lanka vs Netherlands,Vikramjit Singh,2,2,7,14,0,0,50.0,T20I # 1835,Caught
Sri Lanka vs Netherlands,Bas de Leede,3,2,14,10,1,1,140.0,T20I # 1835,Caught
Sri Lanka vs Netherlands,Colin Ackermann,4,2,0,1,0,0,0.0,T20I # 1835,Caught
Sri Lanka vs Netherlands,Tom Cooper,5,2,16,19,2,0,84.21,T20I # 1835,Not Out
Sri Lanka vs Netherlands,Scott Edwards,6,2,21,15,3,0,140.0,T20I # 1835,Not Out
Sri Lanka vs Netherlands,Tim Pringle,7,2,2,4,0,0,50.0,T20I # 1835,Run Out
Sri Lanka vs Netherlands,Timm van der Gugten,8,2,0,1,0,0,0.0,T20I # 1835,Not Out
Sri Lanka vs Netherlands,Fred Klaassen,9,2,3,3,0,0,100.0,T20I # 1835,Not Out
Sri Lanka vs Netherlands,Paul van Meekeren,10,2,0,0,0,0,0.0,T20I # 1835,Run Out
Sri Lanka vs Netherlands,Roelof van der Merwe,11,2,0,1,0,0,0.0,T20I # 1835,Not Out
United Arab Emirates vs Namibia,Muhammad Waseem,1,1,50,41,1,3,121.95,T20I # 1836,Caught
United Arab Emirates vs Namibia,Vriitya Aravind,2,1,21,32,2,0,65.62,T20I # 1836,Caught
United Arab Emirates vs Namibia,Chundangapoyil Rizwan,3,1,43,29,3,1,148.27,T20I # 1836,Not Out
United Arab Emirates vs Namibia,Alishan Sharafu,4,1,4,4,0,0,100.0,T20I # 1836,Caught
United Arab Emirates vs Namibia,Basil Hameed,5,1,25,14,2,2,178.57,T20I # 1836,Not Out
United Arab Emirates vs Namibia,Michael van Lingen,1,2,10,8,1,0,125.0,T20I # 1836,Caught
United Arab Emirates vs Namibia,Stephan Baard,2,2,4,6,1,0,66.66,T20I # 1836,Caught
United Arab Emirates vs Namibia,Jan Nicol Loftie-Eaton,3,2,1,6,0,0,16.66,T20I # 1836,LBW
United Arab Emirates vs Namibia,Gerhard Erasmus,4,2,16,18,2,0,88.88,T20I # 1836,Not Out
United Arab Emirates vs Namibia,Jan Frylinck,5,2,14,17,1,0,82.35,T20I # 1836,Not Out
United Arab Emirates vs Namibia,JJ Smit,6,2,3,3,0,0,100.0,T20I # 1836,Run Out
United Arab Emirates vs Namibia,David Wiese,7,2,55,36,3,3,152.77,T20I # 1836,Caught
United Arab Emirates vs Namibia,Zane Green,8,2,2,3,0,0,66.66,T20I # 1836,Not Out
United Arab Emirates vs Namibia,Ruben Trumpelmann,9,2,25,24,1,1,104.16,T20I # 1836,Not Out
United Arab Emirates vs Namibia,Bernard Scholtz,10,2,1,1,0,0,100.0,T20I # 1836,Not Out
West Indies vs Ireland,Kyle Mayers,1,1,1,5,0,0,20.0,T20I # 1837,Caught
West Indies vs Ireland,Johnson Charles,2,1,24,18,3,1,133.33,T20I # 1837,Caught
West Indies vs Ireland,Evin Lewis,3,1,13,18,0,0,72.22,T20I # 1837,Caught
West Indies vs Ireland,Brandon King,4,1,62,48,6,1,129.16,T20I # 1837,Not Out
West Indies vs Ireland,Nicholas Pooran,5,1,13,11,0,1,118.18,T20I # 1837,Caught
West Indies vs Ireland,Rovman Powell,6,1,6,8,1,0,75.0,T20I # 1837,Caught
West Indies vs Ireland,Odean Smith,7,1,19,12,1,2,158.33,T20I # 1837,Not Out
West Indies vs Ireland,Paul Stirling,1,2,66,48,6,2,137.5,T20I # 1837,Not Out
West Indies vs Ireland,Andy Balbirnie,2,2,37,23,3,3,160.86,T20I # 1837,Caught
West Indies vs Ireland,Lorcan Tucker,3,2,45,35,2,2,128.57,T20I # 1837,Not Out
Scotland vs Zimbabwe,George Munsey,1,1,54,51,7,0,105.88,T20I # 1838,Caught
Scotland vs Zimbabwe,Michael Jones,2,1,4,5,1,0,80.0,T20I # 1838,Caught
Scotland vs Zimbabwe,Matthew Cross,3,1,1,7,0,0,14.28,T20I # 1838,Caught
Scotland vs Zimbabwe,Richie Berrington,4,1,13,15,0,0,86.66,T20I # 1838,Caught
Scotland vs Zimbabwe,Calum MacLeod,5,1,25,26,1,0,96.15,T20I # 1838,Caught
Scotland vs Zimbabwe,Michael Leask,6,1,12,9,2,0,133.33,T20I # 1838,Not Out
Scotland vs Zimbabwe,Chris Greaves,7,1,3,7,0,0,42.85,T20I # 1838,Not Out
Scotland vs Zimbabwe,Josh Davey,8,1,4,3,0,0,133.33,T20I # 1838,Not Out
Scotland vs Zimbabwe,Regis Chakabva,1,2,4,3,1,0,133.33,T20I # 1838,LBW
Scotland vs Zimbabwe,Craig Ervine,2,2,58,54,6,0,107.4,T20I # 1838,Caught
Scotland vs Zimbabwe,Wessly Madhevere,3,2,0,5,0,0,0.0,T20I # 1838,Not Out
Scotland vs Zimbabwe,Sean Williams,4,2,7,12,0,0,58.33,T20I # 1838,Caught
Scotland vs Zimbabwe,Sikandar Raza,5,2,40,23,3,2,173.91,T20I # 1838,Caught
Scotland vs Zimbabwe,Milton Shumba,6,2,11,11,0,0,100.0,T20I # 1838,Not Out
Scotland vs Zimbabwe,Ryan Burl,7,2,9,5,1,0,180.0,T20I # 1838,Not Out
New Zealand vs Australia,Finn Allen,1,1,42,16,5,3,262.5,T20I # 1839,Not Out
New Zealand vs Australia,Devon Conway,2,1,92,58,7,2,158.62,T20I # 1839,Not Out
New Zealand vs Australia,Kane Williamson,3,1,23,23,1,1,100.0,T20I # 1839,LBW
New Zealand vs Australia,Glenn Phillips,4,1,12,10,2,0,120.0,T20I # 1839,Caught
New Zealand vs Australia,James Neesham,5,1,26,13,0,2,200.0,T20I # 1839,Not Out
New Zealand vs Australia,David Warner,1,2,5,6,1,0,83.33,T20I # 1839,Not Out
New Zealand vs Australia,Aaron Finch,2,2,13,11,1,1,118.18,T20I # 1839,Caught
New Zealand vs Australia,Mitchell Marsh,3,2,16,12,2,1,133.33,T20I # 1839,Caught
New Zealand vs Australia,Glenn Maxwell,4,2,28,20,3,1,140.0,T20I # 1839,Not Out
New Zealand vs Australia,Marcus Stoinis,5,2,7,14,0,0,50.0,T20I # 1839,Caught
New Zealand vs Australia,Tim David,6,2,11,8,0,1,137.5,T20I # 1839,Caught
New Zealand vs Australia,Matthew Wade,7,2,2,4,0,0,50.0,T20I # 1839,Caught
New Zealand vs Australia,Pat Cummins,8,2,21,18,2,1,116.66,T20I # 1839,Caught
New Zealand vs Australia,Mitchell Starc,9,2,4,7,0,0,57.14,T20I # 1839,Not Out
New Zealand vs Australia,Adam Zampa,10,2,0,2,0,0,0.0,T20I # 1839,Not Out
New Zealand vs Australia,Josh Hazlewood,11,2,1,1,0,0,100.0,T20I # 1839,Not Out
Afghanistan vs England,Hazratullah Zazai,1,1,7,17,1,0,41.17,T20I # 1840,Caught
Afghanistan vs England,Rahmanullah Gurbaz,2,1,10,9,0,1,111.11,T20I # 1840,Caught
Afghanistan vs England,Ibrahim Zadran,3,1,32,32,3,1,100.0,T20I # 1840,Caught
Afghanistan vs England,Usman Ghani,4,1,30,30,3,0,100.0,T20I # 1840,Caught
Afghanistan vs England,Najibullah Zadran,5,1,13,11,0,1,118.18,T20I # 1840,Caught
Afghanistan vs England,Mohammad Nabi,6,1,3,5,0,0,60.0,T20I # 1840,Caught
Afghanistan vs England,Azmatullah Omarzai,7,1,8,6,1,0,133.33,T20I # 1840,Caught
Afghanistan vs England,Rashid Khan,8,1,0,1,0,0,0.0,T20I # 1840,Caught
Afghanistan vs England,Mujeeb Ur Rahman,9,1,0,1,0,0,0.0,T20I # 1840,Caught
Afghanistan vs England,Fareed Ahmad,10,1,2,4,0,0,50.0,T20I # 1840,Not Out
Afghanistan vs England,Fazalhaq Farooqi,11,1,0,2,0,0,0.0,T20I # 1840,Caught
Afghanistan vs England,Jos Buttler,1,2,18,18,3,0,100.0,T20I # 1840,Caught
Afghanistan vs England,Alex Hales,2,2,19,20,0,1,95.0,T20I # 1840,Caught
Afghanistan vs England,Dawid Malan,3,2,18,30,0,0,60.0,T20I # 1840,Caught
Afghanistan vs England,Ben Stokes,4,2,2,4,0,0,50.0,T20I # 1840,Not Out
Afghanistan vs England,Liam Livingstone,5,2,29,21,3,0,138.09,T20I # 1840,Not Out
Afghanistan vs England,Harry Brook,6,2,7,6,0,0,116.66,T20I # 1840,Caught
Afghanistan vs England,Moeen Ali,7,2,8,10,0,0,80.0,T20I # 1840,Not Out
Ireland vs Sri Lanka,Paul Stirling,1,1,34,25,4,1,136.0,T20I # 1841,Caught
Ireland vs Sri Lanka,Andy Balbirnie,2,1,1,5,0,0,20.0,T20I # 1841,Not Out
Ireland vs Sri Lanka,Lorcan Tucker,3,1,10,11,1,0,90.9,T20I # 1841,Not Out
Ireland vs Sri Lanka,Harry Tector,4,1,45,42,2,1,107.14,T20I # 1841,Caught
Ireland vs Sri Lanka,Curtis Campher,5,1,2,4,0,0,50.0,T20I # 1841,Caught
Ireland vs Sri Lanka,George Dockrell,6,1,14,16,0,0,87.5,T20I # 1841,Not Out
Ireland vs Sri Lanka,Gareth Delany,7,1,9,6,1,0,150.0,T20I # 1841,Caught
Ireland vs Sri Lanka,Mark Adair,8,1,0,1,0,0,0.0,T20I # 1841,Caught
Ireland vs Sri Lanka,Simi Singh,9,1,7,8,1,0,87.5,T20I # 1841,Not Out
Ireland vs Sri Lanka,Barry McCarthy,10,1,2,2,0,0,100.0,T20I # 1841,Not Out
Ireland vs Sri Lanka,Kusal Mendis,1,2,68,43,5,3,158.13,T20I # 1841,Not Out
Ireland vs Sri Lanka,Dhananjaya de Silva,2,2,31,25,2,1,124.0,T20I # 1841,Caught
Ireland vs Sri Lanka,Charith Asalanka,3,2,31,22,2,0,140.9,T20I # 1841,Not Out
Pakistan vs India,Mohammad Rizwan,1,1,4,12,1,0,33.33,T20I # 1842,Caught
Pakistan vs India,Babar Azam,2,1,0,1,0,0,0.0,T20I # 1842,LBW
Pakistan vs India,Shan Masood,3,1,52,42,5,0,123.8,T20I # 1842,Not Out
Pakistan vs India,Iftikhar Ahmed,4,1,51,34,2,4,150.0,T20I # 1842,LBW
Pakistan vs India,Shadab Khan,5,1,5,6,1,0,83.33,T20I # 1842,Caught
Pakistan vs India,Haider Ali,6,1,2,4,0,0,50.0,T20I # 1842,Caught
Pakistan vs India,Mohammad Nawaz,7,1,9,6,2,0,150.0,T20I # 1842,Caught
Pakistan vs India,Asif Ali,8,1,2,3,0,0,66.66,T20I # 1842,Caught
Pakistan vs India,Shaheen Shah Afridi,9,1,16,8,1,1,200.0,T20I # 1842,Caught
Pakistan vs India,Haris Rauf,10,1,6,4,0,1,150.0,T20I # 1842,Not Out
Pakistan vs India,KL Rahul,1,2,4,8,0,0,50.0,T20I # 1842,Not Out
Pakistan vs India,Rohit Sharma,2,2,4,7,0,0,57.14,T20I # 1842,Caught
Pakistan vs India,Virat Kohli,3,2,82,53,6,4,154.71,T20I # 1842,Not Out
Pakistan vs India,Suryakumar Yadav,4,2,15,10,2,0,150.0,T20I # 1842,Caught
Pakistan vs India,Axar Patel,5,2,2,3,0,0,66.66,T20I # 1842,Run Out
Pakistan vs India,Hardik Pandya,6,2,40,37,1,2,108.1,T20I # 1842,Caught
Pakistan vs India,Dinesh Karthik,7,2,1,2,0,0,50.0,T20I # 1842,Stumped
Pakistan vs India,Ravichandran Ashwin,8,2,1,1,0,0,100.0,T20I # 1842,Not Out
Bangladesh vs Netherlands,Najmul Hossain Shanto,1,1,25,20,4,0,125.0,T20I # 1843,Caught
Bangladesh vs Netherlands,Soumya Sarkar,2,1,14,14,2,0,100.0,T20I # 1843,Caught
Bangladesh vs Netherlands,Litton Das,3,1,9,11,0,0,81.81,T20I # 1843,Caught
Bangladesh vs Netherlands,Shakib Al Hasan,4,1,7,9,0,0,77.77,T20I # 1843,Caught
Bangladesh vs Netherlands,Afif Hossain,5,1,38,27,2,2,140.74,T20I # 1843,Caught
Bangladesh vs Netherlands,Yasir Ali,6,1,3,5,0,0,60.0,T20I # 1843,Not Out
Bangladesh vs Netherlands,Nurul Hasan,7,1,13,18,0,0,72.22,T20I # 1843,Caught
Bangladesh vs Netherlands,Mosaddek Hossain,8,1,20,12,2,1,166.66,T20I # 1843,Not Out
Bangladesh vs Netherlands,Taskin Ahmed,9,1,0,1,0,0,0.0,T20I # 1843,Caught
Bangladesh vs Netherlands,Hasan Mahmud,10,1,0,3,0,0,0.0,T20I # 1843,Not Out
Bangladesh vs Netherlands,Vikramjit Singh,1,2,0,1,0,0,0.0,T20I # 1843,Caught
Bangladesh vs Netherlands,Max O'Dowd,2,2,8,8,0,1,100.0,T20I # 1843,Run Out
Bangladesh vs Netherlands,Bas de Leede,3,2,0,1,0,0,0.0,T20I # 1843,Caught
Bangladesh vs Netherlands,Colin Ackermann,4,2,62,48,6,2,129.16,T20I # 1843,Caught
Bangladesh vs Netherlands,Tom Cooper,5,2,0,0,0,0,0.0,T20I # 1843,Run Out
Bangladesh vs Netherlands,Scott Edwards,6,2,16,24,1,0,66.66,T20I # 1843,Caught
Bangladesh vs Netherlands,Tim Pringle,7,2,1,6,0,0,16.66,T20I # 1843,Not Out
Bangladesh vs Netherlands,Logan van Beek,8,2,2,5,0,0,40.0,T20I # 1843,Caught
Bangladesh vs Netherlands,Shariz Ahmad,9,2,9,8,1,0,112.5,T20I # 1843,Caught
Bangladesh vs Netherlands,Fred Klaassen,10,2,7,6,0,0,116.66,T20I # 1843,Not Out
Bangladesh vs Netherlands,Paul van Meekeren,11,2,24,14,3,1,171.42,T20I # 1843,Caught
Zimbabwe vs South Africa,Regis Chakabva,1,1,8,8,0,1,100.0,T20I # 1844,Caught
Zimbabwe vs South Africa,Craig Ervine,2,1,2,6,0,0,33.33,T20I # 1844,Caught
Zimbabwe vs South Africa,Sean Williams,3,1,1,1,0,0,100.0,T20I # 1844,Run Out
Zimbabwe vs South Africa,Sikandar Raza,4,1,0,2,0,0,0.0,T20I # 1844,Caught
Zimbabwe vs South Africa,Wessly Madhevere,5,1,35,18,4,1,194.44,T20I # 1844,Not Out
Zimbabwe vs South Africa,Milton Shumba,6,1,18,20,2,0,90.0,T20I # 1844,Caught
Zimbabwe vs South Africa,Quinton de Kock,1,2,47,18,8,1,261.11,T20I # 1844,Not Out
Zimbabwe vs South Africa,Temba Bavuma,2,2,2,2,0,0,100.0,T20I # 1844,Not Out
Sri Lanka vs Australia,Pathum Nissanka,1,1,40,45,2,0,88.88,T20I # 1845,Run Out
Sri Lanka vs Australia,Kusal Mendis,2,1,5,6,1,0,83.33,T20I # 1845,Caught
Sri Lanka vs Australia,Dhananjaya de Silva,3,1,26,23,3,0,113.04,T20I # 1845,Caught
Sri Lanka vs Australia,Charith Asalanka,4,1,38,25,3,2,152.0,T20I # 1845,Not Out
Sri Lanka vs Australia,Bhanuka Rajapaksa,5,1,7,5,1,0,140.0,T20I # 1845,Caught
Sri Lanka vs Australia,Dasun Shanaka,6,1,3,5,0,0,60.0,T20I # 1845,Caught
Sri Lanka vs Australia,Wanindu Hasaranga de Silva,7,1,1,4,0,0,25.0,T20I # 1845,Caught
Sri Lanka vs Australia,Chamika Karunaratne,8,1,14,7,2,0,200.0,T20I # 1845,Not Out
Sri Lanka vs Australia,David Warner,1,2,11,10,0,0,110.0,T20I # 1845,Caught
Sri Lanka vs Australia,Aaron Finch,2,2,31,42,0,1,73.8,T20I # 1845,Not Out
Sri Lanka vs Australia,Mitchell Marsh,3,2,17,17,1,1,100.0,T20I # 1845,Caught
Sri Lanka vs Australia,Glenn Maxwell,4,2,23,12,2,2,191.66,T20I # 1845,Caught
Sri Lanka vs Australia,Marcus Stoinis,5,2,59,18,4,6,327.77,T20I # 1845,Not Out
Ireland vs England,Paul Stirling,1,1,14,8,1,1,175.0,T20I # 1846,Caught
Ireland vs England,Andy Balbirnie,2,1,62,47,5,2,131.91,T20I # 1846,Caught
Ireland vs England,Lorcan Tucker,3,1,34,27,3,1,125.92,T20I # 1846,Run Out
Ireland vs England,Harry Tector,4,1,0,2,0,0,0.0,T20I # 1846,Caught
Ireland vs England,Curtis Campher,5,1,18,11,3,0,163.63,T20I # 1846,Caught
Ireland vs England,George Dockrell,6,1,0,1,0,0,0.0,T20I # 1846,Not Out
Ireland vs England,Gareth Delany,7,1,12,10,1,0,120.0,T20I # 1846,Not Out
Ireland vs England,Mark Adair,8,1,4,4,0,0,100.0,T20I # 1846,Caught
Ireland vs England,Barry McCarthy,9,1,3,3,0,0,100.0,T20I # 1846,Not Out
Ireland vs England,Fionn Hand,10,1,1,2,0,0,50.0,T20I # 1846,Not Out
Ireland vs England,Josh Little,11,1,0,1,0,0,0.0,T20I # 1846,Caught
Ireland vs England,Jos Buttler,1,2,0,2,0,0,0.0,T20I # 1846,Caught
Ireland vs England,Alex Hales,2,2,7,5,1,0,140.0,T20I # 1846,Caught
Ireland vs England,Dawid Malan,3,2,35,37,2,0,94.59,T20I # 1846,Caught
Ireland vs England,Ben Stokes,4,2,6,8,0,0,75.0,T20I # 1846,Not Out
Ireland vs England,Harry Brook,5,2,18,21,1,0,85.71,T20I # 1846,Caught
Ireland vs England,Moeen Ali,6,2,24,12,3,1,200.0,T20I # 1846,Not Out
Ireland vs England,Liam Livingstone,7,2,1,2,0,0,50.0,T20I # 1846,Not Out
South Africa vs Bangladesh,Temba Bavuma,1,1,2,6,0,0,33.33,T20I # 1847,Caught
South Africa vs Bangladesh,Quinton de Kock,2,1,63,38,7,3,165.78,T20I # 1847,Caught
South Africa vs Bangladesh,Rilee Rossouw,3,1,109,56,7,8,194.64,T20I # 1847,Caught
South Africa vs Bangladesh,Tristan Stubbs,4,1,7,7,1,0,100.0,T20I # 1847,Caught
South Africa vs Bangladesh,Aiden Markram,5,1,10,11,1,0,90.9,T20I # 1847,Caught
South Africa vs Bangladesh,David Miller,6,1,2,4,0,0,50.0,T20I # 1847,Not Out
South Africa vs Bangladesh,Wayne Parnell,7,1,0,2,0,0,0.0,T20I # 1847,Not Out
South Africa vs Bangladesh,Najmul Hossain Shanto,1,2,9,9,1,0,100.0,T20I # 1847,Not Out
South Africa vs Bangladesh,Soumya Sarkar,2,2,15,6,0,2,250.0,T20I # 1847,Caught
South Africa vs Bangladesh,Litton Das,3,2,34,31,1,1,109.67,T20I # 1847,Caught
South Africa vs Bangladesh,Shakib Al Hasan,4,2,1,4,0,0,25.0,T20I # 1847,LBW
South Africa vs Bangladesh,Afif Hossain,5,2,1,5,0,0,20.0,T20I # 1847,Caught
South Africa vs Bangladesh,Mehidy Hasan Miraz,6,2,11,13,0,0,84.61,T20I # 1847,Caught
South Africa vs Bangladesh,Mosaddek Hossain,7,2,0,3,0,0,0.0,T20I # 1847,Stumped
South Africa vs Bangladesh,Nurul Hasan,8,2,2,6,0,0,33.33,T20I # 1847,Caught
South Africa vs Bangladesh,Taskin Ahmed,9,2,10,17,1,0,58.82,T20I # 1847,Not Out
South Africa vs Bangladesh,Hasan Mahmud,10,2,0,2,0,0,0.0,T20I # 1847,Run Out
South Africa vs Bangladesh,Mustafizur Rahman,11,2,9,3,0,1,300.0,T20I # 1847,Not Out
India vs Netherlands,KL Rahul,1,1,9,12,1,0,75.0,T20I # 1848,LBW
India vs Netherlands,Rohit Sharma,2,1,53,39,4,3,135.89,T20I # 1848,Caught
India vs Netherlands,Virat Kohli,3,1,62,44,3,2,140.9,T20I # 1848,Not Out
India vs Netherlands,Suryakumar Yadav,4,1,51,25,7,1,204.0,T20I # 1848,Not Out
India vs Netherlands,Vikramjit Singh,1,2,1,9,0,0,11.11,T20I # 1848,Not Out
India vs Netherlands,Max O'Dowd,2,2,16,10,3,0,160.0,T20I # 1848,Not Out
India vs Netherlands,Bas de Leede,3,2,16,23,0,0,69.56,T20I # 1848,Caught
India vs Netherlands,Colin Ackermann,4,2,17,21,1,0,80.95,T20I # 1848,Caught
India vs Netherlands,Tom Cooper,5,2,9,12,0,0,75.0,T20I # 1848,Caught
India vs Netherlands,Scott Edwards,6,2,5,8,0,0,62.5,T20I # 1848,Caught
India vs Netherlands,Tim Pringle,7,2,20,15,1,1,133.33,T20I # 1848,Caught
India vs Netherlands,Logan van Beek,8,2,3,5,0,0,60.0,T20I # 1848,Caught
India vs Netherlands,Shariz Ahmad,9,2,16,11,2,0,145.45,T20I # 1848,Not Out
India vs Netherlands,Fred Klaassen,10,2,0,1,0,0,0.0,T20I # 1848,LBW
India vs Netherlands,Paul van Meekeren,11,2,14,6,3,0,233.33,T20I # 1848,Not Out
Zimbabwe vs Pakistan,Wessly Madhevere,1,1,17,13,3,0,130.76,T20I # 1849,LBW
Zimbabwe vs Pakistan,Craig Ervine,2,1,19,19,2,0,100.0,T20I # 1849,Caught
Zimbabwe vs Pakistan,Milton Shumba,3,1,8,10,1,0,80.0,T20I # 1849,Caught
Zimbabwe vs Pakistan,Sean Williams,4,1,31,28,3,0,110.71,T20I # 1849,Not Out
Zimbabwe vs Pakistan,Sikandar Raza,5,1,9,16,1,0,56.25,T20I # 1849,Caught
Zimbabwe vs Pakistan,Regis Chakabva,6,1,0,1,0,0,0.0,T20I # 1849,Caught
Zimbabwe vs Pakistan,Ryan Burl,7,1,10,15,0,0,66.66,T20I # 1849,Not Out
Zimbabwe vs Pakistan,Luke Jongwe,8,1,0,1,0,0,0.0,T20I # 1849,Not Out
Zimbabwe vs Pakistan,Brad Evans,9,1,19,15,0,1,126.66,T20I # 1849,Not Out
Zimbabwe vs Pakistan,Richard Ngarava,10,1,3,2,0,0,150.0,T20I # 1849,Not Out
Zimbabwe vs Pakistan,Mohammad Rizwan,1,2,14,16,1,1,87.5,T20I # 1849,Not Out
Zimbabwe vs Pakistan,Babar Azam,2,2,4,9,1,0,44.44,T20I # 1849,Caught
Zimbabwe vs Pakistan,Shan Masood,3,2,44,38,3,0,115.78,T20I # 1849,Stumped
Zimbabwe vs Pakistan,Iftikhar Ahmed,4,2,5,10,1,0,50.0,T20I # 1849,Caught
Zimbabwe vs Pakistan,Shadab Khan,5,2,17,14,0,1,121.42,T20I # 1849,Caught
Zimbabwe vs Pakistan,Haider Ali,6,2,0,1,0,0,0.0,T20I # 1849,LBW
Zimbabwe vs Pakistan,Mohammad Nawaz,7,2,22,18,1,1,122.22,T20I # 1849,Caught
Zimbabwe vs Pakistan,Mohammad Wasim,8,2,12,13,2,0,92.3,T20I # 1849,Not Out
Zimbabwe vs Pakistan,Shaheen Shah Afridi,9,2,1,1,0,0,100.0,T20I # 1849,Run Out
New Zealand vs Sri Lanka,Finn Allen,1,1,1,3,0,0,33.33,T20I # 1850,Not Out
New Zealand vs Sri Lanka,Devon Conway,2,1,1,4,0,0,25.0,T20I # 1850,Not Out
New Zealand vs Sri Lanka,Kane Williamson,3,1,8,13,1,0,61.53,T20I # 1850,Caught
New Zealand vs Sri Lanka,Glenn Phillips,4,1,104,64,10,4,162.5,T20I # 1850,Caught
New Zealand vs Sri Lanka,Daryl Mitchell,5,1,22,24,0,0,91.66,T20I # 1850,Not Out
New Zealand vs Sri Lanka,James Neesham,6,1,5,8,0,0,62.5,T20I # 1850,Caught
New Zealand vs Sri Lanka,Mitchell Santner,7,1,11,5,0,1,220.0,T20I # 1850,Not Out
New Zealand vs Sri Lanka,Ish Sodhi,8,1,1,1,0,0,100.0,T20I # 1850,Run Out
New Zealand vs Sri Lanka,Tim Southee,9,1,4,1,1,0,400.0,T20I # 1850,Not Out
New Zealand vs Sri Lanka,Pathum Nissanka,1,2,0,5,0,0,0.0,T20I # 1850,LBW
New Zealand vs Sri Lanka,Kusal Mendis,2,2,4,3,1,0,133.33,T20I # 1850,Caught
New Zealand vs Sri Lanka,Dhananjaya de Silva,3,2,0,3,0,0,0.0,T20I # 1850,Not Out
New Zealand vs Sri Lanka,Charith Asalanka,4,2,4,8,0,0,50.0,T20I # 1850,Caught
New Zealand vs Sri Lanka,Bhanuka Rajapaksa,5,2,34,22,3,2,154.54,T20I # 1850,Caught
New Zealand vs Sri Lanka,Chamika Karunaratne,6,2,3,8,0,0,37.5,T20I # 1850,Caught
New Zealand vs Sri Lanka,Dasun Shanaka,7,2,35,32,4,1,109.37,T20I # 1850,Caught
New Zealand vs Sri Lanka,Wanindu Hasaranga de Silva,8,2,4,6,1,0,66.66,T20I # 1850,Caught
New Zealand vs Sri Lanka,Maheesh Theekshana,9,2,0,3,0,0,0.0,T20I # 1850,Caught
New Zealand vs Sri Lanka,Kasun Rajitha,10,2,8,21,0,0,38.09,T20I # 1850,Not Out
New Zealand vs Sri Lanka,Lahiru Kumara,11,2,4,5,1,0,80.0,T20I # 1850,Stumped
Bangladesh vs Zimbabwe,Najmul Hossain Shanto,1,1,71,55,7,1,129.09,T20I # 1851,Caught
Bangladesh vs Zimbabwe,Soumya Sarkar,2,1,0,2,0,0,0.0,T20I # 1851,Caught
Bangladesh vs Zimbabwe,Litton Das,3,1,14,12,3,0,116.66,T20I # 1851,Caught
Bangladesh vs Zimbabwe,Shakib Al Hasan,4,1,23,20,1,0,115.0,T20I # 1851,Caught
Bangladesh vs Zimbabwe,Afif Hossain,5,1,29,19,1,1,152.63,T20I # 1851,LBW
Bangladesh vs Zimbabwe,Mosaddek Hossain,6,1,7,10,0,0,70.0,T20I # 1851,Caught
Bangladesh vs Zimbabwe,Nurul Hasan,7,1,1,1,0,0,100.0,T20I # 1851,Run Out
Bangladesh vs Zimbabwe,Yasir Ali,8,1,1,1,0,0,100.0,T20I # 1851,Not Out
Bangladesh vs Zimbabwe,Wessly Madhevere,1,2,4,3,1,0,133.33,T20I # 1851,Caught
Bangladesh vs Zimbabwe,Craig Ervine,2,2,8,7,2,0,114.28,T20I # 1851,Caught
Bangladesh vs Zimbabwe,Milton Shumba,3,2,8,15,1,0,53.33,T20I # 1851,Caught
Bangladesh vs Zimbabwe,Sean Williams,4,2,64,42,8,0,152.38,T20I # 1851,Run Out
Bangladesh vs Zimbabwe,Sikandar Raza,5,2,0,3,0,0,0.0,T20I # 1851,Caught
Bangladesh vs Zimbabwe,Regis Chakabva,6,2,15,19,0,0,78.94,T20I # 1851,Caught
Bangladesh vs Zimbabwe,Ryan Burl,7,2,27,25,2,1,108.0,T20I # 1851,Not Out
Bangladesh vs Zimbabwe,Brad Evans,8,2,2,2,0,0,100.0,T20I # 1851,Caught
Bangladesh vs Zimbabwe,Richard Ngarava,9,2,6,3,0,1,200.0,T20I # 1851,Stumped
Bangladesh vs Zimbabwe,Blessing Muzarabani,10,2,0,2,0,0,0.0,T20I # 1851,Not Out
Netherlands vs Pakistan,Stephan Myburgh,1,1,6,11,1,0,54.54,T20I # 1852,Caught
Netherlands vs Pakistan,Max O'Dowd,2,1,8,13,0,0,61.53,T20I # 1852,LBW
Netherlands vs Pakistan,Bas de Leede,3,1,6,16,1,0,37.5,T20I # 1852,Not Out
Netherlands vs Pakistan,Tom Cooper,4,1,1,2,0,0,50.0,T20I # 1852,Caught
Netherlands vs Pakistan,Colin Ackermann,5,1,27,27,2,0,100.0,T20I # 1852,LBW
Netherlands vs Pakistan,Scott Edwards,6,1,15,20,1,0,75.0,T20I # 1852,Caught
Netherlands vs Pakistan,Roelof van der Merwe,7,1,5,6,0,0,83.33,T20I # 1852,Not Out
Netherlands vs Pakistan,Tim Pringle,8,1,5,8,0,0,62.5,T20I # 1852,Not Out
Netherlands vs Pakistan,Logan van Beek,9,1,6,9,0,0,66.66,T20I # 1852,Not Out
Netherlands vs Pakistan,Fred Klaassen,10,1,0,1,0,0,0.0,T20I # 1852,Not Out
Netherlands vs Pakistan,Paul van Meekeren,11,1,7,7,0,0,100.0,T20I # 1852,Run Out
Netherlands vs Pakistan,Mohammad Rizwan,1,2,49,39,5,0,125.64,T20I # 1852,Caught
Netherlands vs Pakistan,Babar Azam,2,2,4,5,1,0,80.0,T20I # 1852,Run Out
Netherlands vs Pakistan,Fakhar Zaman,3,2,20,16,3,0,125.0,T20I # 1852,Caught
Netherlands vs Pakistan,Shan Masood,4,2,12,16,0,0,75.0,T20I # 1852,Caught
Netherlands vs Pakistan,Iftikhar Ahmed,5,2,6,5,0,0,120.0,T20I # 1852,Not Out
Netherlands vs Pakistan,Shadab Khan,6,2,4,2,1,0,200.0,T20I # 1852,Not Out
India vs South Africa,KL Rahul,1,1,9,14,0,1,64.28,T20I # 1853,Caught
India vs South Africa,Rohit Sharma,2,1,15,14,1,1,107.14,T20I # 1853,Caught
India vs South Africa,Virat Kohli,3,1,12,11,2,0,109.09,T20I # 1853,Caught
India vs South Africa,Suryakumar Yadav,4,1,68,40,6,3,170.0,T20I # 1853,Caught
India vs South Africa,Deepak Hooda,5,1,0,3,0,0,0.0,T20I # 1853,Caught
India vs South Africa,Hardik Pandya,6,1,2,3,0,0,66.66,T20I # 1853,Caught
India vs South Africa,Dinesh Karthik,7,1,6,15,0,0,40.0,T20I # 1853,Caught
India vs South Africa,Ravichandran Ashwin,8,1,7,11,0,0,63.63,T20I # 1853,Caught
India vs South Africa,Bhuvneshwar Kumar,9,1,4,6,0,0,66.66,T20I # 1853,Not Out
India vs South Africa,Mohammed Shami,10,1,0,2,0,0,0.0,T20I # 1853,Run Out
India vs South Africa,Arshdeep Singh,11,1,2,1,0,0,200.0,T20I # 1853,Not Out
India vs South Africa,Quinton de Kock,1,2,1,3,0,0,33.33,T20I # 1853,Caught
India vs South Africa,Temba Bavuma,2,2,10,15,0,1,66.66,T20I # 1853,Caught
India vs South Africa,Rilee Rossouw,3,2,0,2,0,0,0.0,T20I # 1853,LBW
India vs South Africa,Aiden Markram,4,2,52,41,6,1,126.82,T20I # 1853,Caught
India vs South Africa,David Miller,5,2,59,46,4,3,128.26,T20I # 1853,Not Out
India vs South Africa,Tristan Stubbs,6,2,6,6,1,0,100.0,T20I # 1853,LBW
India vs South Africa,Wayne Parnell,7,2,2,5,0,0,40.0,T20I # 1853,Not Out
Australia vs Ireland,David Warner,1,1,3,7,0,0,42.85,T20I # 1855,Caught
Australia vs Ireland,Aaron Finch,2,1,63,44,5,3,143.18,T20I # 1855,Caught
Australia vs Ireland,Mitchell Marsh,3,1,28,22,2,2,127.27,T20I # 1855,Caught
Australia vs Ireland,Glenn Maxwell,4,1,13,9,0,1,144.44,T20I # 1855,Caught
Australia vs Ireland,Marcus Stoinis,5,1,35,25,3,1,140.0,T20I # 1855,Caught
Australia vs Ireland,Tim David,6,1,15,10,2,0,150.0,T20I # 1855,Not Out
Australia vs Ireland,Matthew Wade,7,1,7,3,1,0,233.33,T20I # 1855,Not Out
Australia vs Ireland,Paul Stirling,1,2,11,7,1,1,157.14,T20I # 1855,Caught
Australia vs Ireland,Andy Balbirnie,2,2,6,7,0,1,85.71,T20I # 1855,Not Out
Australia vs Ireland,Lorcan Tucker,3,2,71,48,9,1,147.91,T20I # 1855,Not Out
Australia vs Ireland,Harry Tector,4,2,6,4,1,0,150.0,T20I # 1855,Caught
Australia vs Ireland,Curtis Campher,5,2,0,1,0,0,0.0,T20I # 1855,Not Out
Australia vs Ireland,George Dockrell,6,2,0,4,0,0,0.0,T20I # 1855,Not Out
Australia vs Ireland,Gareth Delany,7,2,14,10,2,0,140.0,T20I # 1855,Caught
Australia vs Ireland,Mark Adair,8,2,11,11,1,0,100.0,T20I # 1855,Stumped
Australia vs Ireland,Fionn Hand,9,2,6,6,1,0,100.0,T20I # 1855,Not Out
Australia vs Ireland,Barry McCarthy,10,2,3,7,0,0,42.85,T20I # 1855,Caught
Australia vs Ireland,Josh Little,11,2,1,5,0,0,20.0,T20I # 1855,Run Out
Afghanistan vs Sri Lanka,Rahmanullah Gurbaz,1,1,28,24,2,2,116.66,T20I # 1856,Not Out
Afghanistan vs Sri Lanka,Usman Ghani,2,1,27,27,2,1,100.0,T20I # 1856,Caught
Afghanistan vs Sri Lanka,Ibrahim Zadran,3,1,22,18,1,1,122.22,T20I # 1856,Caught
Afghanistan vs Sri Lanka,Najibullah Zadran,4,1,18,16,1,0,112.5,T20I # 1856,Caught
Afghanistan vs Sri Lanka,Gulbadin Naib,5,1,12,14,0,0,85.71,T20I # 1856,Run Out
Afghanistan vs Sri Lanka,Mohammad Nabi,6,1,13,8,1,0,162.5,T20I # 1856,Caught
Afghanistan vs Sri Lanka,Rashid Khan,7,1,9,8,1,0,112.5,T20I # 1856,Not Out
Afghanistan vs Sri Lanka,Azmatullah Omarzai,8,1,3,4,0,0,75.0,T20I # 1856,Not Out
Afghanistan vs Sri Lanka,Mujeeb Ur Rahman,9,1,1,2,0,0,50.0,T20I # 1856,Stumped
Afghanistan vs Sri Lanka,Pathum Nissanka,1,2,10,10,2,0,100.0,T20I # 1856,Not Out
Afghanistan vs Sri Lanka,Kusal Mendis,2,2,25,27,2,1,92.59,T20I # 1856,Caught
Afghanistan vs Sri Lanka,Dhananjaya de Silva,3,2,66,42,6,2,157.14,T20I # 1856,Not Out
Afghanistan vs Sri Lanka,Charith Asalanka,4,2,19,18,1,0,105.55,T20I # 1856,Caught
Afghanistan vs Sri Lanka,Bhanuka Rajapaksa,5,2,18,14,3,0,128.57,T20I # 1856,Caught
Afghanistan vs Sri Lanka,Dasun Shanaka,6,2,0,0,0,0,0.0,T20I # 1856,Not Out
England vs New Zealand,Jos Buttler,1,1,73,47,7,2,155.31,T20I # 1858,Run Out
England vs New Zealand,Alex Hales,2,1,52,40,7,1,130.0,T20I # 1858,Stumped
England vs New Zealand,Moeen Ali,3,1,5,6,0,0,83.33,T20I # 1858,Caught
England vs New Zealand,Liam Livingstone,4,1,20,14,1,1,142.85,T20I # 1858,Not Out
England vs New Zealand,Harry Brook,5,1,7,3,0,1,233.33,T20I # 1858,Caught
England vs New Zealand,Ben Stokes,6,1,8,7,0,0,114.28,T20I # 1858,LBW
England vs New Zealand,Sam Curran,7,1,6,3,0,1,200.0,T20I # 1858,Not Out
England vs New Zealand,Dawid Malan,8,1,3,1,0,0,300.0,T20I # 1858,Not Out
England vs New Zealand,Finn Allen,1,2,16,11,0,1,145.45,T20I # 1858,Caught
England vs New Zealand,Devon Conway,2,2,3,9,0,0,33.33,T20I # 1858,Caught
England vs New Zealand,Kane Williamson,3,2,40,40,3,0,100.0,T20I # 1858,Caught
England vs New Zealand,Glenn Phillips,4,2,62,36,4,3,172.22,T20I # 1858,Caught
England vs New Zealand,James Neesham,5,2,6,3,1,0,200.0,T20I # 1858,Caught
England vs New Zealand,Daryl Mitchell,6,2,3,5,0,0,60.0,T20I # 1858,Caught
England vs New Zealand,Mitchell Santner,7,2,16,10,0,1,160.0,T20I # 1858,Not Out
England vs New Zealand,Ish Sodhi,8,2,6,6,0,0,100.0,T20I # 1858,Not Out
Zimbabwe vs Netherlands,Wessly Madhevere,1,1,1,5,0,0,20.0,T20I # 1859,Not Out
Zimbabwe vs Netherlands,Craig Ervine,2,1,3,12,0,0,25.0,T20I # 1859,Caught
Zimbabwe vs Netherlands,Regis Chakabva,3,1,5,16,1,0,31.25,T20I # 1859,LBW
Zimbabwe vs Netherlands,Sean Williams,4,1,28,23,3,0,121.73,T20I # 1859,Caught
Zimbabwe vs Netherlands,Sikandar Raza,5,1,40,24,3,3,166.66,T20I # 1859,Caught
Zimbabwe vs Netherlands,Milton Shumba,6,1,2,3,0,0,66.66,T20I # 1859,Caught
Zimbabwe vs Netherlands,Ryan Burl,7,1,2,7,0,0,28.57,T20I # 1859,Not Out
Zimbabwe vs Netherlands,Luke Jongwe,8,1,6,8,0,0,75.0,T20I # 1859,Caught
Zimbabwe vs Netherlands,Richard Ngarava,9,1,9,7,0,1,128.57,T20I # 1859,Caught
Zimbabwe vs Netherlands,Tendai Chatara,10,1,6,7,0,0,85.71,T20I # 1859,Not Out
Zimbabwe vs Netherlands,Blessing Muzarabani,11,1,1,4,0,0,25.0,T20I # 1859,Caught
Zimbabwe vs Netherlands,Stephan Myburgh,1,2,8,7,0,1,114.28,T20I # 1859,Caught
Zimbabwe vs Netherlands,Max O'Dowd,2,2,52,47,8,1,110.63,T20I # 1859,Caught
Zimbabwe vs Netherlands,Tom Cooper,3,2,32,29,2,1,110.34,T20I # 1859,Caught
Zimbabwe vs Netherlands,Colin Ackermann,4,2,1,5,0,0,20.0,T20I # 1859,Caught
Zimbabwe vs Netherlands,Bas de Leede,5,2,12,12,2,0,100.0,T20I # 1859,Not Out
Zimbabwe vs Netherlands,Scott Edwards,6,2,5,6,1,0,83.33,T20I # 1859,Caught
Zimbabwe vs Netherlands,Roelof van der Merwe,7,2,0,3,0,0,0.0,T20I # 1859,Not Out
India vs Bangladesh,KL Rahul,1,1,50,32,3,4,156.25,T20I # 1860,Caught
India vs Bangladesh,Rohit Sharma,2,1,2,8,0,0,25.0,T20I # 1860,Caught
India vs Bangladesh,Virat Kohli,3,1,64,44,8,1,145.45,T20I # 1860,Not Out
India vs Bangladesh,Suryakumar Yadav,4,1,30,16,4,0,187.5,T20I # 1860,Not Out
India vs Bangladesh,Hardik Pandya,5,1,5,6,0,0,83.33,T20I # 1860,Caught
India vs Bangladesh,Dinesh Karthik,6,1,7,5,1,0,140.0,T20I # 1860,Run Out
India vs Bangladesh,Axar Patel,7,1,7,6,1,0,116.66,T20I # 1860,Caught
India vs Bangladesh,Ravichandran Ashwin,8,1,13,6,1,1,216.66,T20I # 1860,Not Out
India vs Bangladesh,Najmul Hossain Shanto,1,2,21,25,1,1,84.0,T20I # 1860,Caught
India vs Bangladesh,Litton Das,2,2,60,27,7,3,222.22,T20I # 1860,Run Out
India vs Bangladesh,Shakib Al Hasan,3,2,13,12,2,0,108.33,T20I # 1860,Caught
India vs Bangladesh,Afif Hossain,4,2,3,5,0,0,60.0,T20I # 1860,Caught
India vs Bangladesh,Yasir Ali,5,2,1,3,0,0,33.33,T20I # 1860,Caught
India vs Bangladesh,Nurul Hasan,6,2,25,14,2,1,178.57,T20I # 1860,Not Out
India vs Bangladesh,Mosaddek Hossain,7,2,6,3,0,1,200.0,T20I # 1860,Not Out
India vs Bangladesh,Taskin Ahmed,8,2,12,7,1,1,171.42,T20I # 1860,Not Out
Pakistan vs South Africa,Mohammad Rizwan,1,1,4,4,1,0,100.0,T20I # 1861,Not Out
Pakistan vs South Africa,Babar Azam,2,1,6,15,0,0,40.0,T20I # 1861,Caught
Pakistan vs South Africa,Mohammad Haris,3,1,28,11,2,3,254.54,T20I # 1861,LBW
Pakistan vs South Africa,Shan Masood,4,1,2,6,0,0,33.33,T20I # 1861,Caught
Pakistan vs South Africa,Iftikhar Ahmed,5,1,51,35,3,2,145.71,T20I # 1861,Caught
Pakistan vs South Africa,Mohammad Nawaz,6,1,28,22,4,1,127.27,T20I # 1861,LBW
Pakistan vs South Africa,Shadab Khan,7,1,52,22,3,4,236.36,T20I # 1861,Caught
Pakistan vs South Africa,Mohammad Wasim,8,1,0,1,0,0,0.0,T20I # 1861,Caught
Pakistan vs South Africa,Naseem Shah,9,1,5,3,0,0,166.66,T20I # 1861,Not Out
Pakistan vs South Africa,Haris Rauf,10,1,3,2,0,0,150.0,T20I # 1861,Run Out
Pakistan vs South Africa,Temba Bavuma,1,2,36,19,4,1,189.47,T20I # 1861,Caught
Pakistan vs South Africa,Quinton de Kock,2,2,0,5,0,0,0.0,T20I # 1861,Caught
Pakistan vs South Africa,Rilee Rossouw,3,2,7,6,0,1,116.66,T20I # 1861,Caught
Pakistan vs South Africa,Aiden Markram,4,2,20,14,4,0,142.85,T20I # 1861,Not Out
Pakistan vs South Africa,Heinrich Klaasen,5,2,15,9,3,0,166.66,T20I # 1861,Caught
Pakistan vs South Africa,Tristan Stubbs,6,2,18,18,0,1,100.0,T20I # 1861,Caught
Pakistan vs South Africa,Wayne Parnell,7,2,3,4,0,0,75.0,T20I # 1861,LBW
Pakistan vs South Africa,Kagiso Rabada,8,2,1,2,0,0,50.0,T20I # 1861,Run Out
Pakistan vs South Africa,Anrich Nortje,9,2,1,5,0,0,20.0,T20I # 1861,Caught
Pakistan vs South Africa,Lungi Ngidi,10,2,4,1,1,0,400.0,T20I # 1861,Not Out
Pakistan vs South Africa,Tabraiz Shamsi,11,2,1,1,0,0,100.0,T20I # 1861,Not Out
New Zealand vs Ireland,Finn Allen,1,1,32,18,5,1,177.77,T20I # 1862,Caught
New Zealand vs Ireland,Devon Conway,2,1,28,33,2,0,84.84,T20I # 1862,Caught
New Zealand vs Ireland,Kane Williamson,3,1,61,35,5,3,174.28,T20I # 1862,Caught
New Zealand vs Ireland,Glenn Phillips,4,1,17,9,2,1,188.88,T20I # 1862,Caught
New Zealand vs Ireland,Daryl Mitchell,5,1,31,21,2,0,147.61,T20I # 1862,Not Out
New Zealand vs Ireland,James Neesham,6,1,0,1,0,0,0.0,T20I # 1862,LBW
New Zealand vs Ireland,Mitchell Santner,7,1,0,1,0,0,0.0,T20I # 1862,LBW
New Zealand vs Ireland,Tim Southee,8,1,1,2,0,0,50.0,T20I # 1862,Not Out
New Zealand vs Ireland,Paul Stirling,1,2,37,27,3,1,137.03,T20I # 1862,Not Out
New Zealand vs Ireland,Andy Balbirnie,2,2,30,25,0,3,120.0,T20I # 1862,Not Out
New Zealand vs Ireland,Lorcan Tucker,3,2,13,14,0,0,92.85,T20I # 1862,Caught
New Zealand vs Ireland,Harry Tector,4,2,2,7,0,0,28.57,T20I # 1862,Caught
New Zealand vs Ireland,Gareth Delany,5,2,10,8,2,0,125.0,T20I # 1862,Caught
New Zealand vs Ireland,George Dockrell,6,2,23,15,3,0,153.33,T20I # 1862,Caught
New Zealand vs Ireland,Curtis Campher,7,2,7,7,1,0,100.0,T20I # 1862,Caught
New Zealand vs Ireland,Fionn Hand,8,2,5,3,1,0,166.66,T20I # 1862,Caught
New Zealand vs Ireland,Mark Adair,9,2,4,5,0,0,80.0,T20I # 1862,Caught
New Zealand vs Ireland,Barry McCarthy,10,2,6,5,0,0,120.0,T20I # 1862,Not Out
New Zealand vs Ireland,Josh Little,11,2,8,4,0,1,200.0,T20I # 1862,Not Out
Australia vs Afghanistan,David Warner,1,1,25,18,5,0,138.88,T20I # 1864,Not Out
Australia vs Afghanistan,Cameron Green,2,1,3,2,0,0,150.0,T20I # 1864,Caught
Australia vs Afghanistan,Mitchell Marsh,3,1,45,30,3,2,150.0,T20I # 1864,Caught
Australia vs Afghanistan,Steven Smith,4,1,4,4,1,0,100.0,T20I # 1864,LBW
Australia vs Afghanistan,Marcus Stoinis,5,1,25,21,0,2,119.04,T20I # 1864,Caught
Australia vs Afghanistan,Glenn Maxwell,6,1,54,32,6,2,168.75,T20I # 1864,Not Out
Australia vs Afghanistan,Matthew Wade,7,1,6,8,1,0,75.0,T20I # 1864,Not Out
Australia vs Afghanistan,Pat Cummins,8,1,0,2,0,0,0.0,T20I # 1864,Caught
Australia vs Afghanistan,Kane Richardson,9,1,1,1,0,0,100.0,T20I # 1864,Run Out
Australia vs Afghanistan,Adam Zampa,10,1,1,1,0,0,100.0,T20I # 1864,Not Out
Australia vs Afghanistan,Rahmanullah Gurbaz,1,2,30,17,2,2,176.47,T20I # 1864,Caught
Australia vs Afghanistan,Usman Ghani,2,2,2,7,0,0,28.57,T20I # 1864,Caught
Australia vs Afghanistan,Ibrahim Zadran,3,2,26,33,2,0,78.78,T20I # 1864,Caught
Australia vs Afghanistan,Gulbadin Naib,4,2,39,23,3,2,169.56,T20I # 1864,Run Out
Australia vs Afghanistan,Mohammad Nabi,5,2,1,2,0,0,50.0,T20I # 1864,Caught
Australia vs Afghanistan,Najibullah Zadran,6,2,0,2,0,0,0.0,T20I # 1864,Caught
Australia vs Afghanistan,Darwish Rasooli,7,2,15,13,1,0,115.38,T20I # 1864,Run Out
Australia vs Afghanistan,Rashid Khan,8,2,48,23,3,4,208.69,T20I # 1864,Not Out
Australia vs Afghanistan,Naveen-ul-Haq,9,2,0,0,0,0,0.0,T20I # 1864,Not Out
Sri Lanka vs England,Pathum Nissanka,1,1,67,45,2,5,148.88,T20I # 1867,Caught
Sri Lanka vs England,Kusal Mendis,2,1,18,14,1,1,128.57,T20I # 1867,Caught
Sri Lanka vs England,Dhananjaya de Silva,3,1,9,11,0,0,81.81,T20I # 1867,Caught
Sri Lanka vs England,Charith Asalanka,4,1,8,9,0,0,88.88,T20I # 1867,Caught
Sri Lanka vs England,Bhanuka Rajapaksa,5,1,22,22,3,0,100.0,T20I # 1867,Caught
Sri Lanka vs England,Dasun Shanaka,6,1,3,8,0,0,37.5,T20I # 1867,Caught
Sri Lanka vs England,Wanindu Hasaranga de Silva,7,1,9,9,1,0,100.0,T20I # 1867,Run Out
Sri Lanka vs England,Chamika Karunaratne,8,1,0,2,0,0,0.0,T20I # 1867,Caught
Sri Lanka vs England,Maheesh Theekshana,9,1,0,0,0,0,0.0,T20I # 1867,Not Out
Sri Lanka vs England,Jos Buttler,1,2,28,23,2,1,121.73,T20I # 1867,Caught
Sri Lanka vs England,Alex Hales,2,2,47,30,7,1,156.66,T20I # 1867,Caught
Sri Lanka vs England,Ben Stokes,3,2,42,36,2,0,116.66,T20I # 1867,Not Out
Sri Lanka vs England,Harry Brook,4,2,4,5,0,0,80.0,T20I # 1867,Caught
Sri Lanka vs England,Liam Livingstone,5,2,4,6,0,0,66.66,T20I # 1867,Caught
Sri Lanka vs England,Moeen Ali,6,2,1,5,0,0,20.0,T20I # 1867,Caught
Sri Lanka vs England,Sam Curran,7,2,6,11,0,0,54.54,T20I # 1867,Caught
Sri Lanka vs England,Chris Woakes,8,2,5,3,1,0,166.66,T20I # 1867,Not Out
Netherlands vs South Africa,Stephan Myburgh,1,1,37,30,7,0,123.33,T20I # 1871,Caught
Netherlands vs South Africa,Max O'Dowd,2,1,29,31,1,1,93.54,T20I # 1871,Caught
Netherlands vs South Africa,Tom Cooper,3,1,35,19,2,2,184.21,T20I # 1871,Caught
Netherlands vs South Africa,Colin Ackermann,4,1,41,26,3,2,157.69,T20I # 1871,Not Out
Netherlands vs South Africa,Bas de Leede,5,1,1,7,0,0,14.28,T20I # 1871,Not Out
Netherlands vs South Africa,Scott Edwards,6,1,12,7,2,0,171.42,T20I # 1871,Not Out
Netherlands vs South Africa,Quinton de Kock,1,2,13,13,1,1,100.0,T20I # 1871,Caught
Netherlands vs South Africa,Temba Bavuma,2,2,20,20,2,0,100.0,T20I # 1871,Not Out
Netherlands vs South Africa,Rilee Rossouw,3,2,25,19,2,0,131.57,T20I # 1871,Caught
Netherlands vs South Africa,Aiden Markram,4,2,17,13,2,0,130.76,T20I # 1871,Caught
Netherlands vs South Africa,David Miller,5,2,17,17,1,0,100.0,T20I # 1871,Caught
Netherlands vs South Africa,Heinrich Klaasen,6,2,21,18,0,1,116.66,T20I # 1871,Caught
Netherlands vs South Africa,Wayne Parnell,7,2,0,2,0,0,0.0,T20I # 1871,Caught
Netherlands vs South Africa,Keshav Maharaj,8,2,13,12,0,1,108.33,T20I # 1871,Caught
Netherlands vs South Africa,Kagiso Rabada,9,2,9,8,0,0,112.5,T20I # 1871,Not Out
Netherlands vs South Africa,Anrich Nortje,10,2,4,1,1,0,400.0,T20I # 1871,Not Out
Bangladesh vs Pakistan,Najmul Hossain Shanto,1,1,54,48,7,0,112.5,T20I # 1872,Not Out
Bangladesh vs Pakistan,Litton Das,2,1,10,8,0,1,125.0,T20I # 1872,Caught
Bangladesh vs Pakistan,Soumya Sarkar,3,1,20,17,1,1,117.64,T20I # 1872,Caught
Bangladesh vs Pakistan,Shakib Al Hasan,4,1,0,1,0,0,0.0,T20I # 1872,LBW
Bangladesh vs Pakistan,Afif Hossain,5,1,24,20,3,0,120.0,T20I # 1872,Not Out
Bangladesh vs Pakistan,Mosaddek Hossain,6,1,5,11,0,0,45.45,T20I # 1872,Not Out
Bangladesh vs Pakistan,Nurul Hasan,7,1,0,3,0,0,0.0,T20I # 1872,Caught
Bangladesh vs Pakistan,Taskin Ahmed,8,1,1,5,0,0,20.0,T20I # 1872,Caught
Bangladesh vs Pakistan,Nasum Ahmed,9,1,7,6,1,0,116.66,T20I # 1872,Caught
Bangladesh vs Pakistan,Mustafizur Rahman,10,1,0,1,0,0,0.0,T20I # 1872,Not Out
Bangladesh vs Pakistan,Mohammad Rizwan,1,2,32,32,2,1,100.0,T20I # 1872,Caught
Bangladesh vs Pakistan,Babar Azam,2,2,25,33,2,0,75.75,T20I # 1872,Caught
Bangladesh vs Pakistan,Mohammad Nawaz,3,2,4,11,0,0,36.36,T20I # 1872,Run Out
Bangladesh vs Pakistan,Mohammad Haris,4,2,31,18,1,2,172.22,T20I # 1872,Caught
Bangladesh vs Pakistan,Shan Masood,5,2,24,14,2,0,171.42,T20I # 1872,Not Out
Bangladesh vs Pakistan,Iftikhar Ahmed,6,2,1,3,0,0,33.33,T20I # 1872,Caught
Bangladesh vs Pakistan,Shadab Khan,7,2,0,0,0,0,0.0,T20I # 1872,Not Out
India vs Zimbabwe,KL Rahul,1,1,51,35,3,3,145.71,T20I # 1873,Caught
India vs Zimbabwe,Rohit Sharma,2,1,15,13,2,0,115.38,T20I # 1873,Caught
India vs Zimbabwe,Virat Kohli,3,1,26,25,2,0,104.0,T20I # 1873,Caught
India vs Zimbabwe,Suryakumar Yadav,4,1,61,25,6,4,244.0,T20I # 1873,Not Out
India vs Zimbabwe,Rishabh Pant,5,1,3,5,0,0,60.0,T20I # 1873,Caught
India vs Zimbabwe,Hardik Pandya,6,1,18,18,2,0,100.0,T20I # 1873,Caught
India vs Zimbabwe,Axar Patel,7,1,0,0,0,0,0.0,T20I # 1873,Not Out
India vs Zimbabwe,Wessly Madhevere,1,2,0,1,0,0,0.0,T20I # 1873,Caught
India vs Zimbabwe,Craig Ervine,2,2,13,15,2,0,86.66,T20I # 1873,Caught
India vs Zimbabwe,Regis Chakabva,3,2,0,6,0,0,0.0,T20I # 1873,Not Out
India vs Zimbabwe,Sean Williams,4,2,11,18,0,1,61.11,T20I # 1873,Caught
India vs Zimbabwe,Sikandar Raza,5,2,34,24,3,0,141.66,T20I # 1873,Caught
India vs Zimbabwe,Tony Munyonga,6,2,5,4,1,0,125.0,T20I # 1873,LBW
India vs Zimbabwe,Ryan Burl,7,2,35,22,5,1,159.09,T20I # 1873,Not Out
India vs Zimbabwe,Wellington Masakadza,8,2,1,7,0,0,14.28,T20I # 1873,Caught
India vs Zimbabwe,Richard Ngarava,9,2,1,2,0,0,50.0,T20I # 1873,Not Out
India vs Zimbabwe,Tendai Chatara,10,2,4,4,1,0,100.0,T20I # 1873,Caught
India vs Zimbabwe,Blessing Muzarabani,11,2,0,2,0,0,0.0,T20I # 1873,Not Out
New Zealand vs Pakistan,Finn Allen,1,1,4,3,1,0,133.33,T20I # 1877,LBW
New Zealand vs Pakistan,Devon Conway,2,1,21,20,3,0,105.0,T20I # 1877,Run Out
New Zealand vs Pakistan,Kane Williamson,3,1,46,42,1,1,109.52,T20I # 1877,Not Out
New Zealand vs Pakistan,Glenn Phillips,4,1,6,8,1,0,75.0,T20I # 1877,Caught
New Zealand vs Pakistan,Daryl Mitchell,5,1,53,35,3,1,151.42,T20I # 1877,Not Out
New Zealand vs Pakistan,James Neesham,6,1,16,12,1,0,133.33,T20I # 1877,Not Out
New Zealand vs Pakistan,Mohammad Rizwan,1,2,57,43,5,0,132.55,T20I # 1877,Caught
New Zealand vs Pakistan,Babar Azam,2,2,53,42,7,0,126.19,T20I # 1877,Caught
New Zealand vs Pakistan,Mohammad Haris,3,2,30,26,2,1,115.38,T20I # 1877,Caught
New Zealand vs Pakistan,Shan Masood,4,2,3,4,0,0,75.0,T20I # 1877,Not Out
New Zealand vs Pakistan,Iftikhar Ahmed,5,2,0,0,0,0,0.0,T20I # 1877,Not Out
India vs England,KL Rahul,1,1,5,5,1,0,100.0,T20I # 1878,Caught
India vs England,Rohit Sharma,2,1,27,28,4,0,96.42,T20I # 1878,Caught
India vs England,Virat Kohli,3,1,50,40,4,1,125.0,T20I # 1878,Caught
India vs England,Suryakumar Yadav,4,1,14,10,1,1,140.0,T20I # 1878,Caught
India vs England,Hardik Pandya,5,1,63,33,4,5,190.9,T20I # 1878,Not Out
India vs England,Rishabh Pant,6,1,6,4,1,0,150.0,T20I # 1878,Run Out
India vs England,Ravichandran Ashwin,7,1,0,0,0,0,0.0,T20I # 1878,Not Out
India vs England,Jos Buttler,1,2,80,49,9,3,163.26,T20I # 1878,Not Out
India vs England,Alex Hales,2,2,86,47,4,7,182.97,T20I # 1878,Not Out
Pakistan vs England,Mohammad Rizwan,1,1,15,14,0,1,107.14,T20I # 1879,Not Out
Pakistan vs England,Babar Azam,2,1,32,28,2,0,114.28,T20I # 1879,Caught
Pakistan vs England,Mohammad Haris,3,1,8,12,1,0,66.66,T20I # 1879,Caught
Pakistan vs England,Shan Masood,4,1,38,28,2,1,135.71,T20I # 1879,Caught
Pakistan vs England,Iftikhar Ahmed,5,1,0,6,0,0,0.0,T20I # 1879,Caught
Pakistan vs England,Shadab Khan,6,1,20,14,2,0,142.85,T20I # 1879,Caught
Pakistan vs England,Mohammad Nawaz,7,1,5,7,0,0,71.42,T20I # 1879,Caught
Pakistan vs England,Mohammad Wasim,8,1,4,8,0,0,50.0,T20I # 1879,Caught
Pakistan vs England,Shaheen Shah Afridi,9,1,5,3,1,0,166.66,T20I # 1879,Not Out
Pakistan vs England,Haris Rauf,10,1,1,1,0,0,100.0,T20I # 1879,Not Out
Pakistan vs England,Jos Buttler,1,2,26,17,3,1,152.94,T20I # 1879,Caught
Pakistan vs England,Alex Hales,2,2,1,2,0,0,50.0,T20I # 1879,Not Out
Pakistan vs England,Phil Salt,3,2,10,9,2,0,111.11,T20I # 1879,Caught
Pakistan vs England,Ben Stokes,4,2,52,49,5,1,106.12,T20I # 1879,Not Out
Pakistan vs England,Harry Brook,5,2,20,23,1,0,86.95,T20I # 1879,Caught
Pakistan vs England,Moeen Ali,6,2,19,13,3,0,146.15,T20I # 1879,Not Out
Pakistan vs England,Liam Livingstone,7,2,1,1,0,0,100.0,T20I # 1879,Not Out
